Modelo,MSE,MAE,R2
Random Forest,0.3373477519007086,0.44650234409640843,0.2961241191997185
