Modelo,MSE,MAE,R2
Neural Network,0.2872638260655311,0.41172024028354637,0.2965976359876207
