Modelo,MSE,MAE,R2
Neural Network 2,0.268492828267062,0.4055929997276164,0.3425608343727258
