Modelo,MSE,MAE,R2
Neural Network,0.3101877409207132,0.41489533286750174,0.3433811701927898
