Modelo,MSE,MAE,R2
Neural Network,0.2922825228047505,0.402496390622657,0.38128371054415544
