Modelo,MSE,MAE,R2
Neural Network 2,0.3163890900362123,0.4182701589313106,0.3302538860926557
